{
  "rows": 3200,
  "accuracy": 0.9875,
  "log_loss": 0.0703,
  "cross_val_accuracy_mean": 0.9697,
  "cross_val_accuracy_std": 0.0053,
  "class_distribution": {
    "High": 1806,
    "Average": 913,
    "Negative": 481
  },
  "classification_report": {
    "Average": {
      "precision": 0.9888268156424581,
      "recall": 0.9672131147540983,
      "f1-score": 0.9779005524861878,
      "support": 183.0
    },
    "High": {
      "precision": 0.9917127071823204,
      "recall": 0.9944598337950139,
      "f1-score": 0.9930843706777317,
      "support": 361.0
    },
    "Negative": {
      "precision": 0.9696969696969697,
      "recall": 1.0,
      "f1-score": 0.9846153846153847,
      "support": 96.0
    },
    "accuracy": 0.9875,
    "macro avg": {
      "precision": 0.9834121641739161,
      "recall": 0.9872243161830374,
      "f1-score": 0.9852001025931014,
      "support": 640.0
    },
    "weighted avg": {
      "precision": 0.9875851619473386,
      "recall": 0.9875,
      "f1-score": 0.9874723997542351,
      "support": 640.0
    }
  },
  "training_version": "v4"
}